CumulativeTime,Tb
9,36.27
11,36.37
13.01666667,36.74
15.93333333,36.97
19.2,37.18
20.51666667,36.94
23.95,37.09
27.96666667,36.07
33.23333333,36.39
36,36.59
38,36.97
40.96666667,36.96
42.91666667,37.08
46.1,37.24
50.93333333,36.36
55.11666667,36.08
57.2,36.51
60.63333333,36.38
63.03333333,36.97
66.31666667,37.12
67.55,37.29
70.8,36.96
81.45,36.37
84.46666667,36.78
86.96666667,36.91